{"cameraMode":{"drawMode":0,"name":"Shaded","section":"Shading Mode"},"sceneLighting":true,"audioPlay":false,"sceneViewState":{"m_AlwaysRefresh":false,"showFog":true,"showSkybox":true,"showFlares":true,"showImageEffects":true,"showParticleSystems":true,"showVisualEffectGraphs":true,"m_FxEnabled":true},"in2DMode":false,"pivot":{"x":1.3538249731063843,"y":2.6783506870269777,"z":-2.0019781589508058},"rotation":{"x":0.1019057035446167,"y":-0.7020825147628784,"z":0.10232813656330109,"w":0.697426438331604},"size":1.3392808437347413,"orthographic":false}